id;name;description;preferred;type;authorization_code;status;status_date;details;customer_id
1;auxiliary copy;Home Account parse;true;interfaces deliverables New;31214;software Sausages program;2021-07-12T19:30:40;Research matrix feed;89046
2;Savings Savings calculate;teal Anguilla;false;Plastic Fantastic;24105;neutral;2021-07-13T00:17:57;input withdrawal firewall;31689
3;Garden;optical;true;withdrawal overriding;79160;management green;2021-07-13T03:23:54;microchip Freeway Mouse;9839
4;Designer International Sports;back-end wireless;true;RAM multi-byte Handcrafted;46880;multi-byte;2021-07-12T21:38:30;Plastic Realigned;39559
5;Chief Cliff;Ridge;true;USB teal;56183;Specialist;2021-07-13T11:31:46;Bike Account;76269
6;solution Tennessee connecting;Electronics Berkshire Dinar;false;Bacon Outdoors feed;53743;haptic;2021-07-12T19:16:04;cyan;29053
7;Pants Coordinator deposit;up program;false;white;78647;Run sensor Handmade;2021-07-13T06:49:57;coherent Marketing;85387
8;Dram Avon Baby;next-generation quantifying York;false;Advanced Concrete;1211;Bacon Mexico;2021-07-13T03:59:51;Metal services US;55480
9;Israel copying;SSL;true;lavender;8369;Salad target Louisiana;2021-07-12T22:41:17;Taka;50334
10;parsing azure system;Account Maine Generic;true;input;74132;Garden;2021-07-13T01:16:21;Automotive Engineer;14881
