id;name;formatted_name;trading_name;cust_type;title;first_name;last_name;middle_name;date_of_birth;gender;marital_status;nationality;status;customer_email;companyid_type;companyid;primary_contact_admin_individual_id
1;Assistant;Market;program payment User-friendly;Team-oriented;index;Leopoldo;Schroeder;Cotton;2021-07-12T16:39:39;Sahara;Kong deposit;indexing Ball;users;Directives Soft Implementation;partnerships Uzbekistan intelligence;76676;9906
2;California;bluetooth secondary;protocol;deposit digital Compatible;Kids;Ceasar;Prohaska;Account;2021-07-12T22:56:34;Lilangeni;Chair Directives;Loan Lead;RSS COM;Court Loan Rustic;application;82424;15515
3;Hat African;AGP;connect;Future;generating Cliff Metrics;Carley;Hyatt;Rubber Centralized technologies;2021-07-13T08:09:54;maroon;Shoes overriding Japan;invoice;gold high-level;transitional intuitive black;Clothing;28916;92857
4;Concrete wireless;Kids Open-source parsing;New Human;deposit haptic Dynamic;Chief system-worthy;Nichole;Turner;Shirt Account;2021-07-13T02:00:34;bypass Frozen;Carolina;monitor synthesizing;Strategist full-range;SAS;Mouse;74798;79818
5;hard bandwidth;fuchsia;open-source;Investment needs-based Helena;Jordan Metal online;Carmen;Bergstrom;Frozen calculate Wall;2021-07-13T05:36:44;compress user;Ville Minnesota array;Future Refined;transparent Peso;uniform quantify Wooden;state Internal primary;53182;51183
6;quantify;edge Springs Clothing;Assistant Beauty;Tome;Health redundant Grocery;Abdullah;Morissette;(Malvinas) Lakes;2021-07-13T15:04:14;Officer Central;Dynamic Loaf;Buckinghamshire reboot;olive parse;hacking embrace;concept Investor;4438;66993
7;static;Brand payment navigating;Soft Tenge Fresh;withdrawal XSS;incentivize structure visualize;Juliana;Predovic;New Lead;2021-07-13T12:38:55;orchid User-friendly drive;optimize;Home Generic Kiribati;Market Mongolia override;District;Developer Group artificial;11088;96473
8;streamline;Car Berkshire;Dynamic multi-state Baby;Bike Plastic;Refined Shoes;Kyler;Streich;magenta Kansas;2021-07-13T15:29:02;Berkshire grow;Metal mobile regional;User-centric;contingency;indexing;fuchsia;87554;46242
9;Factors;plum Tala;open-source Handcrafted;COM SDD;Florida Tactics;Annabelle;Reinger;Salad;2021-07-12T22:48:23;Representative;View virtual Small;Future-proofed;cohesive withdrawal;Hong Credit;asynchronous scale;65823;69457
10;Shoes networks;Industrial;auxiliary Island;cross-platform Agent Concrete;Wooden;Dangelo;Raynor;background Andorra;2021-07-12T22:37:05;compressing orchid zero;Corporate;synthesize partnerships;PNG Regional;Shirt silver Right-sized;transmitting content-based Dynamic;66449;67806
